,Code,current_price_change,current_PED
0,AAL,-0.27611350470826757,63.027059139803484
1,AAON,-0.6147514209914885,97.98833068010653
2,AAPL,-0.6045434600170986,77.76671855849675
3,AAWW,0.7509086966944946,80.48324910056057
4,ABCB,0.9921706631946929,10.673398183162838
5,ABCL,1.848432674487704,26.750090300437968
6,ABCM,0.04727123142549631,1511.1350395479096
7,ABMD,3.0471258357759967,10.99345496657518
8,ABNB,1.1510295270397815,15.702937507603954
9,ABST,2.945988912966434,36.2681093807189
10,ABUS,-1.1627895694091224,11.504273457772317
11,ACAD,-1.3390663861316507,17.4494227724884
12,ACBI,-1.3016850752822158,5.909499800203163
13,ACCD,2.046663912214807,57.70921679586307
14,ACGL,-2.50062505133243,12.670243459040488
15,ACGLO,-0.1704064218078617,229.33677824759047
16,ACGLP,-0.2736040729665034,12.824267898431945
17,ACHC,0.42283025288824977,20.536624177978418
18,ACHL,-3.8461503192516595,1.825749398519577
19,ACIW,-0.6702163189501681,74.72252675117782
20,ACLS,0.11350142188499296,446.8501981056151
21,ACOR,4.106772360676893,0.303112315142572
22,ACRS,2.090026318421197,15.002114623975661
23,ACTG,0.49139611592899324,34.735275076245685
24,ACVA,1.8118028764623866,0.6469408916278652
25,ADAP,1.7574676242015228,0.1506288615543016
26,ADBE,-0.356318140437003,78.04275861427186
27,ADI,-2.2115937304995494,0.991969994633232
28,ADP,-4.8469344098643,13.457043776031226
29,ADPT,-2.7278944514278427,0.34949659801149874
30,ADSK,0.45554039699837057,24.388220990655814
31,ADTN,0.4542869123550541,66.31919113266241
32,ADUS,2.6404113576939103,8.599656364109004
33,ADV,0.0,inf
34,ADVWW,,
35,AEGN,-0.9528470648280123,113.23817084728745
36,AEIS,-0.700375562621427,4.639840247450077
37,AEP,-0.5404399361627642,142.87293955846698
38,AEPPL,-0.42223601466880895,74.13559434338895
39,AEPPZ,-0.07900634936493166,1820.7553052425942
40,AFIB,-0.06884182541732771,581.0421173104435
41,AFIN,1.2257491287128153,15.612367074454834
42,AFINO,-0.03893411998622491,1242.4087931195081
43,AFINP,0.3056932609405707,198.48051971013632
44,AFRM,1.0938876518762657,16.010923185509853
45,AFYA,-0.9545530142798236,146.0529535681126
46,AGFS,-1.3667412607237444,38.359260799851114
47,AGIO,0.09025947895827188,209.05098222838092
48,AGNC,1.1761360395215894,18.78354430460124
49,AGNCM,0.07809627991803987,1673.148411214953
50,AGNCN,0.7380094577673412,17.7928792010858
51,AGNCO,0.39824923471527995,301.7630238439495
52,AGNCP,0.3702948013077168,176.96574499242382
53,AGYS,1.478110237882553,10.289280386945832
54,AIMC,1.1963172021557955,2.9640589904737205
55,AINV,0.41351082454873406,117.59777160065589
56,AKAM,-2.3934717285634424,12.594264807299847
57,AKRO,3.6421766455276985,0.07046803793625578
58,AKUS,12.87095911907586,2.087898306403525
59,AKYA,3.571425226269879,12.590681733363764
60,ALCO,-0.13378232788522687,121.65182527016992
61,ALEC,2.196634104466604,0.14130634861354605
62,ALGM,-2.8222721723183994,4.890649176989262
63,ALGN,-1.3601956809492846,29.317326302393816
64,ALGS,-1.4890249535691018,17.42739147945797
65,ALGT,-1.82101420743559,14.417694352752543
66,ALHC,2.8798795717868666,20.335056721782163
67,ALKS,-3.297942329739947,11.568683928089113
68,ALKT,0.6189327037895482,63.10184249804354
69,ALLK,1.9606068676517954,13.30134598603691
70,ALLO,-2.51732258852164,31.384160644185567
71,ALLT,-0.7063252521200406,103.43586118619626
72,ALNA,3.174600171093715,18.638534512824286
73,ALNY,1.5658432842069576,11.273398120016589
74,ALRM,-1.1618146387516353,18.643052438339204
75,ALSK,0.9077147311917045,39.789135113556966
76,ALTR,0.5751779188749115,27.492802649621925
77,ALVR,0.7415488544364367,19.503390426118095
78,ALXN,-0.19773021222466788,204.3861929282569
79,ALXO,4.4680360837778705,4.4861354753422855
80,AMAT,-0.8000853914245909,8.428560939760375
81,AMBA,0.8725172523986827,12.718959068604653
82,AMCX,-0.5107357588814022,49.41498288657631
83,AMD,-1.406372949772047,39.0015556943867
84,AMED,-0.014027378015350877,1517.4546297553284
85,AMGN,-7.490239807512912,14.71236377040979
86,AMKR,0.5209595621309226,161.02220010816515
87,AMNB,0.029387795725902652,156.8098190778489
88,AMPH,1.3314011422009866,15.764870522595704
89,AMRB,0.6524424568239213,49.73561806826423
90,AMRK,0.10635712544055137,360.2408027342423
91,AMRS,1.1787776799364693,42.24409241832135
92,AMSC,-1.0804693411740167,29.134412753007783
93,AMSF,0.7403815814655204,12.04963806845966
94,AMSWA,1.8044420247177684,16.620889232725332
95,AMTB,0.11154744798246559,421.34536334159833
96,AMTBB,0.9606123645785505,13.012532901847589
97,AMTI,1.821427473942692,34.340544263466114
98,AMWD,-2.3787607194957276,21.097140078531297
99,AMYT,0.33389038338945937,400.50578282520513
100,AMZN,1.1946040395317266,15.538881305812358
101,ANAB,4.258807994586941,13.81318345335272
102,ANAT,-0.626294777012752,9.642546286844114
103,ANDE,-0.7252601796787631,113.969556354994
104,ANGI,0.1828752644549677,79.51571433004236
105,ANGN,-2.064695019979083,5.010341714444441
106,ANGO,-1.6656504213872867,3.3679533794223975
107,ANIK,0.8364087473026736,70.29257520913673
108,ANNX,-2.5178979313766003,4.01082627815839
109,ANSS,0.504729305688936,48.80523244320102
110,AOSL,-0.6539090788310788,5.975485327082311
111,AOUT,-2.1553322424376837,20.92648389589136
112,APA,7.388659248792294,3.1466636365559983
113,APEI,0.5097159940209267,152.68162799543555
114,APHA,8.797656291804822,6.18572220661818
115,API,-1.4922651199984338,18.489544614007624
116,APLS,-0.33058187521522037,17.49721648539938
117,APOG,-0.8973631413165626,37.85215485383694
118,APP,-0.1700654343853572,401.18253686938033
119,APPH,0.7999965122767858,54.45469849339716
120,APPHW,,
121,APR,1.5899288961417415,47.369292874759196
122,APRE,2.3182324687105145,2.161043749374229
123,APTX,3.7478668747041346,0.7847601232688977
124,APYX,-1.5999984741210938,59.10858350212091
125,ARAV,-2.1940867282697356,7.242654520356002
126,ARAY,-8.21917936047274,10.592155215408809
127,ARCB,0.041420473638691696,706.4845889471959
128,ARCC,-1.1803927894882336,34.570843918476136
129,ARCE,-0.7334094594139019,50.80613286606005
130,ARGX,0.6358628302566427,70.89479512612878
131,ARLP,-2.1793815777945613,11.82737949046684
132,ARNA,0.9824740405360882,29.238351074960857
133,AROW,3.3695039684506463,4.974917951515198
134,ARQT,-0.761209800015933,31.278530319795472
135,ARTNA,0.0,inf
136,ARVL,3.849193442462036,5.204416987454645
137,ARVLW,,
138,ARVN,2.4601535030410404,11.026889140133372
139,ARWR,1.9138788972502847,4.383394364285568
140,ASMB,1.6110511208389304,5.763108545406418
141,ASML,-1.116462364733115,15.38822123252728
142,ASND,1.4276398141137407,37.08449449729815
143,ASO,-1.4420790387427405,44.9727486132646
144,ASPS,6.549890349244539,12.378998236273212
145,ASTE,-1.6164916505639164,32.68898763247327
146,ASYS,-3.3837944238246696,20.593903134467045
147,ATAX,2.401369855787026,48.67013705462516
148,ATEC,-0.4277402737747543,131.99764277553209
149,ATHA,1.9292637368455805,22.221118964430424
150,ATLC,0.8470543011550695,95.75860462585361
151,ATNI,-1.7054455394848869,23.208687065091407
152,ATNX,3.098929895619839,2.894789995237012
153,ATRA,-2.1386648388402243,28.24365272110855
154,ATRI,-1.5062364158539379,83.8122976068153
155,ATRO,0.23350267315521506,102.46726534129954
156,ATSG,-1.042056895564002,6.926486191881997
157,ATVI,-0.38282578839685283,74.6310658498882
158,AUB,-0.7721988008104047,105.335913053712
159,AUBAP,0.23027913229362518,45.71111452709379
160,AUDC,-7.006371941613507,1.8629658384852261
161,AUTL,-3.8818568932405055,41.66509181187559
162,AVAV,-0.6498381924498231,62.03798330494838
163,AVGO,-1.5450259316153694,11.798603799351648
164,AVGOP,-1.4952059456845075,67.9768192172112
165,AVID,1.4223508704099475,19.045896236657327
166,AVIR,-23.070536350567966,5.572923982584105
167,AVNW,0.47818243475610933,28.8951784479914
168,AVO,0.5398802962039877,22.632145687843753
169,AVRO,-0.8650469575293598,24.343231108902938
170,AVT,-1.6359859174310039,23.23119915334474
171,AXNX,2.5616370438257787,15.946564649257846
172,AXON,-0.6791373309574411,38.86918642910611
173,AXTI,-0.6980796111671768,31.483021625094626
174,AY,-0.9246505557717731,28.039071511735287
175,AZN,-0.5552840568919819,4.451743839405953
176,AZPN,0.22918908549178535,152.06896454996885
177,BAND,-1.4328727413364215,24.30182916240774
178,BANF,-0.05731611576018819,509.5815004150179
179,BANFP,0.0,
180,BANR,0.9016827762714454,3.4751855850384996
181,BANX,0.4028193609719295,270.3946193912396
182,BATRA,-1.0311143663194444,17.79913244927552
183,BATRK,-1.3316499331175173,15.993446614793516
184,BBBY,-0.7222981894761846,107.813077766439
185,BBIO,1.6315550939237977,6.582345409211996
186,BBQ,-4.171238173548627,1.333724449459018
187,BBSI,1.2838823059817008,4.320094321116758
188,BCEL,-2.106971034577417,18.082559011672956
189,BCML,-0.8796033134388174,46.079364234470084
190,BCOR,1.9856210987627538,47.07723718972195
191,BCOV,-0.15411651200468462,131.27509809620696
192,BCPC,0.7711455309898262,10.26171950012342
193,BCRX,0.32467501051692976,85.04597343309442
194,BCYC,5.30351995094275,7.899519985389942
195,BDSI,-0.28694377108204305,59.46201273609141
196,BDTX,-1.2502246218985358,0.5974649993002834
197,BEAM,0.47703431319255857,43.13446371518316
198,BECN,-1.3829833320386584,21.267846659231957
199,BELFA,2.364360713566938,9.479853465182234
200,BELFB,-2.953337217880272,10.450253021852184
201,BFIN,-0.2877672306426864,29.1475093398847
202,BFST,-0.811794643133274,35.62856341530276
203,BGCP,-1.4010494425848816,25.428648752669087
204,BGFV,0.0,inf
205,BGNE,8.326658809462682,14.557113962009813
206,BHF,0.36610743102789434,35.85755806414248
207,BHFAL,-0.18371940760688335,22.96659529693767
208,BHFAN,0.22710587856831035,130.0647157382004
209,BHFAO,0.0,inf
210,BHFAP,0.0,inf
211,BIDU,-0.26374479840079784,71.26781232443308
212,BIIB,0.07850294283357746,105.44544546981223
213,BILI,0.3986675427374407,128.99506002571775
214,BIOX,2.862986190249899,1.7853395089770328
215,BJRI,4.892585917569158,4.70791070939586
216,BKCC,2.890930265760275,13.342726121884075
217,BKNG,1.6481438974694371,22.922893999372985
218,BL,-0.19903621472690194,380.80741490768304
219,BLDR,-1.8381978847366527,9.404405587883314
220,BLI,0.2836908290854019,100.81492331355645
221,BLKB,3.598690523014959,14.513514420898222
222,BLMN,0.3477064811887239,62.79303176005332
223,BLU,-2.1712944029440813,35.59299667074362
224,BLUE,1.5920383028506544,2.3478634850488387
225,BMBL,5.5491664125518385,0.12278271517257426
226,BMEA,0.5283249392078104,45.4610620858598
227,BMRN,0.8612650063094994,56.22540217977225
228,BMTC,-0.6847076220938,2.754250162481933
229,BNTX,1.680966082120657,18.60321968113444
230,BOKF,0.5326698220116354,24.34310230593363
231,BOKFL,-0.04731523989134941,2031.1404174338059
232,BOLT,2.6490078034855813,5.842069277119936
233,BOOM,3.6527058457451016,7.445336028549813
234,BPFH,-1.0097648738606024,32.61725565265539
235,BPMC,-1.974951461928463,1.684255994527659
236,BPOP,-1.9740731730294732,4.072173533841127
237,BPOPM,0.5473001957231994,91.3575408719346
238,BPOPN,-0.5797160420440821,100.84512799646313
239,BPRN,1.6213253602426974,4.866526594872675
240,BPY,0.27971601152753495,166.34827460906507
241,BPYPN,-0.004079473754113923,5847.1294208277895
242,BPYPO,0.09806656532797361,566.5086298246061
243,BPYPP,0.5830889091029541,62.74406060980107
244,BPYU,0.7244417404628316,14.130464590263687
245,BPYUP,0.03977024887278121,1208.415069583828
246,BRKL,0.5157957609638419,67.63183732598219
247,BRKR,-0.860459598537165,31.502260884130084
248,BRKS,1.8500269609911788,7.4665953460304655
249,BRP,-0.9386482735937204,73.7489311643828
250,BRY,8.7237472837037,11.329332511333552
251,BSET,7.0552123010645635,4.757133384161151
252,BSRR,-0.8368114890327799,28.49893768780537
253,BSVN,1.2571498325892856,104.72760528959125
254,BSY,-0.36704808972574854,78.84080840133659
255,BTRS,2.1854534746585546,7.957075787186984
256,BUSE,-0.7197133287824397,31.861911073916126
257,BVS,-0.8780825123150726,47.21318092033341
258,BYND,0.5378763016735311,77.98315081607456
259,BZUN,-0.1648737554274788,183.47148589158127
260,CABA,0.79893608384342,62.132062705327726
261,CAC,0.297744339186457,129.11726896912938
262,CACC,0.7451787328503635,43.750417772979574
263,CAKE,1.7950238857955498,13.882423289549997
264,CALA,3.0634544536252117,21.625700313935152
265,CALB,-4.61580441613096,16.850319200260298
266,CALM,-0.9342011816244918,31.93966820119367
267,CALT,4.220557407379576,41.500508723527716
268,CAMP,0.9164618608764304,68.50329400934808
269,CAR,0.3847069056076524,75.30781721992615
270,CARE,0.3034898510925812,196.28028602521005
271,CARG,-3.39988380216508,8.672183919138774
272,CASA,0.42918413214896944,26.8644383530551
273,CASH,7.634216511826213,8.755561712826772
274,CASS,0.0432255422309549,975.0635580582357
275,CASY,1.147517863022596,7.984359913251765
276,CATM,0.0,inf
277,CATY,-2.341461181640625,22.96426763231021
278,CBAY,2.823020931649717,13.07533418724733
279,CBNK,0.22568785832467292,334.5683810856544
280,CBRL,-0.8550600177965608,14.534743751543296
281,CBSH,-0.4499562573859645,162.81151785834555
282,CBTX,0.095528377330349,12.101842368409736
283,CCB,3.7513022755715975,6.6643523138083225
284,CCBG,-0.11850952851192409,256.81295834058943
285,CCCC,4.612897610879806,13.732890177354378
286,CCD,0.8415161272162561,14.777879946681212
287,CCLP,0.5665717022269444,177.97275469799428
288,CCMP,0.29265599094093914,33.11967530080439
289,CCNE,0.23990952715676248,146.59167276744535
290,CCNEP,0.14798005391735225,1059.3100394753628
291,CCOI,-0.712165527201084,39.36919452948132
292,CCRN,1.4847796019326525,6.286005896891814
293,CCXI,0.08699633737621004,35.48646318738273
294,CD,0.7017570629454495,58.70180529969728
295,CDK,0.25589360627163854,0.5047302698665053
296,CDNS,0.3909512548750603,199.4514523076613
297,CDW,-0.7988655596419227,13.72689144353943
298,CDXS,0.8538361030343593,23.026362744024752
299,CECE,-1.996009225196735,70.52015198734102
300,CENT,0.6548074283340027,55.648304858353626
301,CENTA,0.8384523865753302,75.30929070173724
302,CENX,0.7462620177494923,26.19315017401305
303,CERN,-0.7177045500809559,14.323457151825083
304,CERT,-0.6397534793350329,49.74198318947965
305,CEVA,-1.504797931070272,21.90615029610713
306,CFB,0.5494500096186173,18.341103291343902
307,CFFI,0.8188828623754659,0.9429929574551414
308,CFFN,-0.6106864227211516,61.49294231254702
309,CG,1.1352874513740014,59.040197056288626
310,CGBD,0.5767838815150069,95.3169779947436
311,CGC,4.539676800170681,13.028841142453354
312,CGEM,-4.271606897269399,22.155734728698242
313,CGNT,1.1934532156742133,23.452112052933057
314,CGNX,-0.32933199151413434,86.94437109938163
315,CGO,-0.062442888963192576,202.2901111256111
316,CHCO,-0.7022861929486235,29.652149251878303
317,CHDN,0.26455110231075935,160.15507032398244
318,CHEF,-7.394320691695816,11.624291815356196
319,CHI,-1.1158521832945176,74.98943972828822
320,CHK,-1.4830706767682966,12.45069732890656
321,CHKEL,-2.601712284925056,75.85986103289783
322,CHKP,-1.0654508321610918,33.35603541102789
323,CHMA,4.297516596593278,2.9916481576562997
324,CHMG,-0.20382776851617349,272.35399959935273
325,CHNG,-0.04313232133209193,2403.038295551107
326,CHNGU,-0.46296373516150996,308.57091389092403
327,CHRW,-3.112185032276126,10.788768015894552
328,CHSCL,0.3456632689642164,126.85833675957797
329,CHSCM,-0.32125702141241436,14.148965602278025
330,CHSCN,0.035849539557689984,425.6970763082848
331,CHSCO,0.10454357768223273,65.96820079278773
332,CHSCP,-0.43529572781365217,96.16557765574791
333,CHTR,-0.12249645304174916,117.05105835229145
334,CHUY,2.0128901652765143,8.61160191323352
335,CHW,0.0,inf
336,CHX,6.371850255995564,2.179534490235819
337,CHY,-0.7509439018109367,125.35059028845293
338,CIGI,0.3530728942967956,265.9447509443973
339,CIH,-0.904976496891065,132.74247993106817
340,CINF,-1.5521150146369218,1.9272627939940394
341,CLAR,-0.9473700272409539,53.28057855967727
342,CLBK,-0.7709217556430107,63.96077863860671
343,CLMT,-0.8271330041986911,49.384509116850325
344,CLNE,2.3326173841277447,9.125555577618654
345,CLOV,12.765959913792479,12.856972280239333
346,CLOVW,10.491800843884496,13.379915029159449
347,CLVS,0.0,inf
348,CMCO,0.6506223409647252,40.076242277006166
349,CMCSA,-0.3690051054656484,2.9232197109265683
350,CME,-1.8531268992407417,1.1598878150149308
351,CMPR,-1.0262889723611626,31.782496576991687
352,CMPS,-8.222108666124775,8.218845885503022
353,CMTL,0.4016079484807528,112.30817950040446
354,CNBKA,0.14030485866787587,403.2834898979619
355,CNDT,-0.2967356216352338,21.08116501489006
356,CNOB,-0.702275138095957,156.99799073937706
357,CNSL,-0.5996995711468198,61.396181331791425
358,CNST,-0.8163279428746901,1.2359529179546598
359,CNXC,-0.46017317597548013,138.74976681976673
360,CNXN,0.44336237794247435,53.4476618752022
361,COGT,0.8172871924212455,8.957712436267892
362,COHR,-0.1456604963752718,55.172501935750134
363,COHU,1.7035060173096361,16.48650515166292
364,COIN,-1.3165610490418331,26.942622258295675
365,COKE,-2.219812887817497,30.300111975076447
366,COLB,1.3275303485182992,14.075099019861597
367,COLL,-2.8985499962389127,16.86163650745722
368,COLM,-0.5927418934350388,40.908625191464246
369,COMM,-0.9022648173167293,106.5307676517654
370,CONE,-1.127767380179241,20.78767025399673
371,CONN,1.4612817745310422,4.425514554556383
372,CORE,0.8442791170371324,8.437560245452794
373,COST,-0.1676115510726405,214.20312189265738
374,COUP,1.0191731993082442,92.53355131470924
375,COWN,1.6541486446612172,13.639766087561178
376,COWNL,0.9007386328924498,47.24255176300698
377,CPIX,-1.0362684059445533,141.60637223902745
378,CPLP,-0.6389846445866434,72.20019753875842
379,CPRT,-0.5581415097320526,3.1980337333671924
380,CPSI,-2.727876611419333,16.06100942272269
381,CPTA,-3.365035504543475,9.627657171402916
382,CPTAL,0.039581352645731836,2565.310550330844
383,CPZ,0.7241203223460599,23.094666666620565
384,CRAI,1.9047619047619049,12.220338983050846
385,CRCT,2.408698280488883,25.658459749037124
386,CREE,-3.409335123071675,2.020694537603254
387,CRESY,0.35523945589575917,266.44769753009103
388,CRMT,-0.23365673606863224,69.09065849959356
389,CRNC,-0.6101265743238911,27.60485845924597
390,CRNT,-0.2828851642908047,81.96462892636217
391,CRNX,-0.558027196960674,68.2208986366947
392,CROX,0.601339201133239,154.86414226435642
393,CRSR,-0.9793792374047061,58.22544649766304
394,CRTO,0.414185479907047,82.02401568310583
395,CRTX,2.469138919360397,5.184673413201664
396,CRUS,-1.8186025333840905,12.665050334425985
397,CRVL,0.24061078687660253,306.3537678128566
398,CRWD,-0.4575390130101489,14.275385030910858
399,CSCO,-0.5074128077567894,18.969016726189487
400,CSGP,-8.298129615907628,11.204546231650305
401,CSGS,-0.4142562469358807,108.46890309369498
402,CSII,1.897253761109536,19.971300506391472
403,CSIQ,-3.4829234378999594,6.897446679746594
404,CSOD,0.9563000193852623,22.264545326359418
405,CSQ,0.11092876872980847,356.43560384506185
406,CSTE,1.921021041529752,30.965910691188984
407,CSTR,2.584257958295963,24.602902627996357
408,CSWC,0.4089995184042177,157.48098922681461
409,CSWI,-1.1249432785771456,22.410093480890648
410,CSX,-0.4129369508660537,57.99535351712424
411,CTAS,-1.4237381594892025,36.24404056661819
412,CTBI,-0.7371871675508118,1.8455885799087748
413,CTG,-2.7844450277286636,3.610239393550584
414,CTLP,-0.5703461951091646,34.76052870951159
415,CTMX,3.699893689327311,1.3330128917765123
416,CTRE,0.45128455528846156,64.78216969060861
417,CTRN,0.34045831059630854,112.66907222543779
418,CTSH,0.2997724951945822,34.9336918983365
419,CTXS,-1.3125349766094823,37.16914937065332
420,CUTR,-1.6596096921991574,42.50107089042478
421,CVBF,-1.1090562260190466,13.734654646945645
422,CVCO,-1.4516402417282408,30.064793261143375
423,CVET,-4.074400856843869,8.465185602208901
424,CVGI,6.007750729128822,1.9324955229270318
425,CVGW,0.025725772782927432,1152.6272589697098
426,CVLG,-0.846263757883842,54.695089701447884
427,CVLT,-1.097877894765698,28.219359640099018
428,CWCO,-0.7578960217927632,9.499583911047276
429,CWST,0.39073414977255716,73.9604000003158
430,CYBR,-2.656263812421499,17.967937084308296
431,CYCN,-4.799995422363281,22.021456147924063
432,CYTK,0.7075052338448089,39.909257416684234
433,CZR,0.8122540988257667,29.20673399569352
434,DADA,-3.1059524086715786,8.758168552680088
435,DAKT,-1.277961671966275,20.279348696442025
436,DBTX,1.3619708737160803,40.440317112754514
437,DBVT,2.0917153861498563,5.303851401656414
438,DBX,0.6426009096801779,25.371624513478256
439,DCBO,1.209140591588051,122.07723131198583
440,DCOM,0.6079050615757656,4.818376408241132
441,DCOMP,0.20310138035261033,38.87091672345592
442,DCPH,2.6900130916435407,8.51668086182652
443,DCT,0.99433533540624,81.31892618225764
444,DDOG,-2.4169243480666753,23.338493877907396
445,DFH,2.11599101034916,5.494070439330926
446,DGICA,-0.6455802643469498,49.06316053022018
447,DGICB,-2.217874457142822,66.65214366865416
448,DGII,0.5976566400371914,4.752288347727196
449,DHC,0.44843008575317955,14.046960329423726
450,DHCNI,-0.12990121800664273,796.894667565049
451,DHCNL,,
452,DHIL,3.2362460128051724,9.901657280761475
453,DIOD,-2.533204129366815,5.082200580584068
454,DISCA,-3.9738474328533493,19.110523525485508
455,DISCB,-3.3145186684884336,19.296735743568
456,DISCK,-3.7156429771203667,20.652216712808844
457,DISH,-2.070193788892155,9.143223099869502
458,DKNG,0.9425981485137865,59.99587642210072
459,DLTH,-4.609401145048583,8.648879872516002
460,DLTR,-0.8469776972532381,6.393157376307419
461,DMLP,1.631321390613368,0.9129787120413274
462,DMRC,-2.3834685003345184,23.522382659971207
463,DNLI,3.00136865006433,5.636513455708867
464,DOCU,0.9863292711439774,15.716730546630929
465,DOOO,-1.2749730038832336,2.3231935153046703
466,DORM,1.9101514937366793,10.755266824138458
467,DOX,-0.5324969652607636,64.55481143547722
468,DOYU,0.19083496233737202,183.61584350931625
469,DRNA,0.8222331667626143,20.257114252768275
470,DRTT,1.7699168569707597,16.67855218100198
471,DRVN,5.139113078496505,2.2020213788345724
472,DSEY,1.9813211561026924,17.421038441498574
473,DSGN,5.991827751618714,6.648529853423546
474,DSGX,3.1386020094848215,1.4194687596712516
475,DSP,-4.486498544442359,6.930004054309857
476,DSPG,-1.1323414445594298,133.19774451403703
477,DTIL,1.0141929659362723,15.242118238355305
478,DWSN,2.1598252118848627,4.160070411698501
479,DXCM,0.9605005016763295,40.16068423656337
480,DXPE,0.24352618699441697,30.991204290870698
481,DYN,1.326611881714624,0.9513980235868287
482,EA,0.36875891931787563,105.98006989054498
483,EAR,1.3877633157843046,27.206514522549043
484,EBAY,0.9998370095086605,32.44311979007355
485,EBC,0.14127943080081115,583.0187135649202
486,EBIX,-3.7161054183400024,2.945876700533029
487,EBON,-1.3452902572595387,15.286896057457652
488,EBSB,0.3095277273166991,73.92230184364566
489,EBTC,1.281311704866405,10.890003048514938
490,ECHO,0.28990224630926964,117.7857084521763
491,ECOL,1.2163664165296053,0.08514973505249748
492,ECOR,0.0,inf
493,ECPG,1.0058010942646827,2.9127207529598875
494,EDIT,-0.5892234093318236,62.2867709523392
495,EEFT,2.2103079375289365,6.037086239901495
496,EFSC,1.8972164718101099,31.088648990911437
497,EGLE,-1.2631572184470221,7.124584721480399
498,EGLX,0.48076876235256094,165.75274208793635
499,EHTH,0.9875910935215969,7.342006633827033
500,EM,8.371037990327759,1.7024999403956411
501,ENDP,-0.8257590973815262,33.7139716249368
502,ENSG,0.44040357778152833,52.70979144002945
503,ENTA,1.1274843069595681,13.594481803711405
504,ENTG,0.00871380079606652,2736.141908485136
505,EPAY,1.2942353483805975,2.2813493359591637
506,EPZM,1.699033241625128,9.217171726255673
507,EQBK,0.33829627892482705,22.877306130113546
508,EQIX,-0.91468133280861,42.86344850754397
509,ERIC,-0.7097259076420921,56.86648408439737
510,ERIE,-1.1243336186569173,16.87724212707747
511,ERII,-0.8291036274107347,44.83245332521357
512,ERYP,-1.379315606478987,130.18198514696203
513,ESGR,-1.2417487193564154,46.27658038573172
514,ESGRO,0.0,inf
515,ESGRP,-0.20421873964830842,420.72817492309997
516,ESLT,-1.4936624303529065,12.957973847614596
517,ESSA,0.6557402063588627,31.297667329195956
518,ETSY,1.8431861825410008,10.14805838492908
519,EVLO,-2.692777810072746,11.900053088361547
520,EWBC,-0.32347802051352925,11.231553983704103
521,EWTX,6.835067412233091,7.345824407094853
522,EXC,0.15703801149997487,157.82192940236044
523,EXEL,0.48603013881272605,116.7826497586392
524,EXFO,-2.8608617086061168,2.2076528392424186
525,EXLS,-1.6424924734386035,10.215281811798251
526,EXPD,-0.3294597066086813,65.90986050358481
527,EXPE,0.29322446195324625,20.030542698715614
528,EXPO,-0.9858277612886422,28.21045620709725
529,EXTR,3.9103467891008075,8.300514687343062
530,EYE,0.4880429623171198,25.95615550148835
531,EZPW,0.964323843522735,4.722253590552634
532,FANG,5.349694000431366,13.556488018176786
533,FANH,-1.8292665641127552,67.00099181780749
534,FARM,-2.44150328566514,9.94666124169151
535,FARO,0.12451254607689621,124.45982327620708
536,FAST,-0.4247127875355723,60.174449410881955
537,FB,1.1561068012764342,64.88402146290747
538,FBIZ,-1.2372758889087958,41.38747867604632
539,FBNC,-0.9085600386259767,24.231521288948908
540,FCBC,0.10440468767688486,52.4275713315331
541,FCFS,0.9628673594093862,26.052529757444123
542,FCNCA,-2.1990826929057214,12.595947667539328
543,FCNCP,-0.6304471772459561,145.91080989166176
544,FCRD,0.0,inf
545,FDMT,0.685478866698005,159.09933733598902
546,FDUS,-0.11975180026016465,114.5896114616157
547,FDUSG,0.015537682157928424,12871.932761087268
548,FDUSZ,0.0,
549,FELE,-0.8207241396616075,34.27550963475215
550,FEYE,-6.608704750582298,5.996598373732311
551,FFBC,0.3642993437192025,22.60452744375163
552,FFIC,2.705056412831463,7.308462611826249
553,FFIN,-0.04032394233691631,1599.5855540587222
554,FFIV,-9.509233603135952,11.148912790480171
555,FFNW,-0.7173560070655363,117.05410538394456
556,FGEN,3.244226991305506,9.599578396933229
557,FHB,1.2107867265471262,17.99093887297867
558,FIBK,-1.839459135892928,1.2408286724741588
559,FISI,0.7380050662787645,26.07296804114406
560,FISV,1.4362612156737173,38.975685449271275
561,FITB,1.3915224348356323,6.573592736968264
562,FITBI,-0.17558994342660017,407.1940276389404
563,FITBO,0.00730833015046722,5721.988601665509
564,FITBP,0.0,inf
565,FIVE,-1.3635596751696408,18.03558219007395
566,FIXX,1.1544000820737916,14.33101065647644
567,FIZZ,-3.081258316201574,12.788419803805597
568,FLDM,0.0,inf
569,FLEX,-0.7654526915749992,109.578970841245
570,FLIR,1.1327674812652162,24.964864528516877
571,FLWS,2.0358306631616805,27.617970041004746
572,FLXS,7.840303817977105,5.520026969536061
573,FMBI,-1.4012108323149226,15.589040308471015
574,FMBIO,1.2820534591513235,43.95572646208153
575,FMBIP,1.740983406473214,95.73133554689682
576,FNCH,4.316542616394491,13.392903416273862
577,FNKO,0.4610437224727663,69.7215025604762
578,FNLC,-1.0281897405133495,2.0053260491333624
579,FOCS,0.08580205157402088,468.03448917834527
580,FORM,-1.4281250524308677,36.750117431875196
581,FORR,-0.04636174585619237,925.5279350822742
582,FORTY,2.8556368053130603,0.542921842866939
583,FOSL,0.07946149266208807,797.576552533867
584,FOX,-0.998243427906571,5.854179218465502
585,FOXA,-1.2089332291618524,39.36737529210793
586,FOXF,-2.3344402045534673,33.691882636292654
587,FREQ,5.176034628806559,1.8663061056963728
588,FRGI,3.4641267264277853,17.466878924027714
589,FRLN,-2.4691373529227194,44.83925755820475
590,FRME,-1.3377239140050017,42.08971473129364
591,FROG,-0.2738642264742235,391.23374059057187
592,FRPH,-2.35666621830093,16.48469374306133
593,FRTA,-0.12807123330301526,44.48137123836668
594,FSLR,-1.1099338489279802,14.548649458347308
595,FSTR,0.0,inf
596,FSV,-3.906456600193454,22.708777090774966
597,FTDR,0.13085278291780028,474.94794398710565
598,FTNT,-1.6230053287287656,10.221944621074872
599,FULT,-0.7516685026987963,62.127542836263714
600,FULTP,-0.11914976300037652,760.2611212785799
601,FUNC,0.11862667283293075,452.8880704747036
602,FUND,0.36786918699412796,190.88153675071996
603,FUSN,-0.4667440029382516,17.003984810829813
604,FWONA,-0.8859066692076669,99.36704197719182
605,FWONK,-0.6428095919651212,10.645010927571688
606,FWRD,0.839808298350098,33.98833921558739
607,GABC,-0.2980650436717898,110.5269771628895
608,GAIN,1.3356736847599189,2.580141403518168
609,GAINL,0.6631561579888874,121.91859014772514
610,GAINN,0.07719204122523189,2297.3271904287753
611,GASS,1.0771982674802234,102.31388131585742
612,GBCI,-1.384311428422796,8.783665937306354
613,GBDC,0.5756325632898769,77.99299773185884
614,GBIO,2.910818860734986,0.03864408767407463
615,GBLI,0.0,inf
616,GBLIL,,
617,GBT,-0.024186038788982348,1987.9807849270803
618,GDRX,-2.5328876333643087,30.363281279424736
619,GEG,-0.37383140919146823,49.16221036142358
620,GEOS,-1.1457689671464357,23.05446830647722
621,GERN,2.6666641235351562,0.750106364040087
622,GH,-0.13378000899104098,285.5544862189174
623,GIFI,4.651169495817334,14.310704921727856
624,GIII,-0.9022648173167293,38.32564152973403
625,GILD,-0.3562787180726298,21.463599864418327
626,GILT,2.4307243919201857,1.4301836181808452
627,GLAD,0.5509680473124051,42.9865409470589
628,GLADL,0.0,
629,GLDD,0.18909380713724075,138.42838119610795
630,GLNG,-0.5137022302956126,4.872493823293271
631,GLPG,-2.2945554293503925,15.739828374942972
632,GLPI,-0.06515928753269201,396.37823810529846
633,GLRE,-0.6681561190340597,132.1372143024372
634,GLTO,0.6745356325623019,87.77968643535021
635,GLUU,0.08003384532554945,680.6932449449777
636,GMAB,-0.0810449271688072,137.7403148608308
637,GMLPP,2.742071060258651,51.980922306553154
638,GNFT,2.764974224425488,43.82124527290663
639,GNTX,0.05593466592001749,252.33382432056897
640,GNTY,-0.4622504148018096,15.20551149018181
641,GO,0.1733309340931557,21.26526474039116
642,GOCO,-1.3168712134615175,9.590576747728374
643,GOEV,5.522471552157416,12.23956300822056
644,GOEVW,,
645,GOGL,2.7777750183035925,10.015265763225727
646,GOGO,-1.5198933385446496,1.462573599508698
647,GOOD,0.19268263529059823,4.058558178115438
648,GOODM,0.003947199725443635,19083.066620402496
649,GOODN,0.5687261644697867,280.5402173583819
650,GOOG,3.1060093264559074,19.462694809750314
651,GOOGL,2.9273017452776844,19.961614065535656
652,GOSS,0.0,inf
653,GPRE,1.7984943041893096,26.463886131069007
654,GPRO,0.0,inf
655,GRCL,-1.626014747294327,71.28303994384066
656,GRFS,-1.497091544486012,11.633181676521254
657,GRIN,3.7499965354799194,32.75806748930433
658,GRMN,-2.685809863105925,10.386809614249406
659,GRPN,4.621939180053518,11.97816788231477
660,GRTS,3.2274900468620964,10.931392874177892
661,GSBC,0.017833445889525103,3037.7620366753395
662,GSHD,-1.2687619368882144,25.76825693285498
663,GSIT,-3.4536858070620333,6.1217155018272775
664,GSKY,1.8017961725402252,68.30079623571856
665,GT,0.7216161992180347,23.470403747020445
666,GTHX,-0.5288710509150714,72.73386922297085
667,GURE,2.139035342302348,36.17532429823594
668,HA,-1.6442745385742241,12.438508932271821
669,HAFC,-0.04907151672737731,26.04825792527888
670,HAIN,0.3421388174112217,59.17457951418165
671,HALO,-0.17624625799791258,35.203753692981714
672,HARP,3.7980532145847588,8.894896638115055
673,HAS,-0.35650468738579955,159.86848713996758
674,HAYN,-0.6311371047919525,69.41364004254693
675,HBAN,0.6557402063588627,37.115827822317996
676,HBANN,0.5564561107237938,221.1799290277079
677,HBANO,-0.039332266693473325,1034.8184279122372
678,HBANP,0.19704132831742613,153.31372590387986
679,HBCP,0.4298760085003591,90.7334873459466
680,HBNC,0.3275079902756457,68.72515863281751
681,HBT,0.667031314127177,39.45210504565129
682,HCAT,0.3185282437129217,67.63869821741635
683,HCCI,0.0,inf
684,HCKT,-1.1160089731087377,49.66730885989654
685,HCM,-1.8848854433637028,15.331453663695862
686,HCSG,-0.28813878927239,84.62449303091864
687,HEES,4.393686607349236,12.974330324976611
688,HELE,-8.186153036831007,9.28745148710524
689,HFWA,-1.0263635002800606,49.49540620241066
690,HHR,3.6833314157964225,3.206922360805142
691,HIBB,-0.9144170008201268,99.8802185264347
692,HIMX,-0.9315665403768643,6.119948066234809
693,HLIO,-0.5351621127251287,107.1326462954993
694,HLIT,1.4925417836704333,11.874538395518178
695,HLNE,0.042713205023995116,994.0462016341746
696,HMHC,1.4814827695506085,35.42485023329293
697,HMPT,2.7649719178800947,21.86627439447403
698,HMST,-1.697794660025411,0.1919904843422518
699,HOFT,3.300332249022733,26.175868067368288
700,HOLI,0.7256921872825381,37.69151888272062
701,HOLX,-0.619617140436747,4.33515079996173
702,HOMB,-0.28398979835898275,263.77904804048836
703,HONE,-1.1801463342261438,17.468660196177197
704,HOOK,-3.6511139863628057,12.354047574944165
705,HOPE,-2.8645805765538612,6.658367017370496
706,HQY,0.32741796740068924,35.9532373141701
707,HRZN,4.46590067686701,19.883742911813783
708,HSIC,-0.5758921804303154,9.212546831447986
709,HSII,0.5060828771615967,194.4878412883079
710,HSON,0.22535727057658453,365.4328123772873
711,HST,1.821694234074258,8.92093570552007
712,HSTM,1.3013407598150888,37.5722300969284
713,HTBI,-1.0904267917539285,8.603661597415622
714,HTBK,-0.4144234604038813,179.79147186540604
715,HTHT,-0.9564674091235179,2.971886184642543
716,HTLD,-0.326084043894103,17.634486331893868
717,HTLF,0.1783417333148942,191.43758064357115
718,HTLFP,0.6750774112822808,19.381647098337943
719,HUBG,0.30798364931664696,145.53851428280907
720,HURC,1.4379981006558369,0.316816041270058
721,HURN,2.355497779454306,3.8290152138864846
722,HWBK,0.2839539309863858,88.59617691155923
723,HWC,1.6298484563830917,46.66466856492341
724,HWCC,0.0,inf
725,HWCPL,-0.47232723998381043,133.96821271701583
726,HWCPZ,0.3665703168936031,96.77700776974379
727,HWKN,-0.3580034157017353,205.3430506226234
728,HYFM,9.117803621148052,4.571645592013578
729,HZNP,-0.3572515965452318,126.15576934977193
730,IAC,2.2109585149262303,5.661630637091327
731,IART,-3.7625396475689374,6.912960125432897
732,IBCP,1.3810949234809105,9.004533744810887
733,IBKR,-0.623490935079428,89.1207577855832
734,IBOC,-1.1144964270753903,25.612872192297825
735,IBRX,2.51440302985675,5.0593682786625465
736,IBTX,-1.0844635830860605,43.99162665970756
737,ICFI,-1.2368443227685075,4.92993407768667
738,ICHR,-0.9713646624481604,11.331183678903264
739,ICLR,-0.07907811147898533,15.93926072527048
740,ICMB,1.2037780590784424,82.5066773248809
741,ICON,-4.878044241882981,25.76865844182917
742,ICPT,0.9884725486114668,37.55437228655631
743,ICUI,1.0597556247608482,65.44930523574402
744,IDCC,-1.224610179986185,10.887818467656171
745,IDXX,0.04841879897081596,35.204207679187896
746,IDYA,-2.714490852331045,54.180665264168944
747,IEP,-0.7564012826747396,19.527648716691058
748,IFRX,0.0,inf
749,IGMS,3.0342731215314704,1.3092436246216885
750,IHRT,-0.314307872244211,83.37159440785155
751,IIIV,2.7251243406554013,5.862975451108769
752,IIVI,-1.3587375470993412,16.671016793505856
753,IIVIP,-1.621961214650117,29.35893114393602
754,ILMN,-1.955823971446137,2.7851204411229604
755,ILPT,1.0655746835433144,11.230017717452164
756,IMCR,-0.4688430067797126,191.08812072356176
757,IMGN,1.1285345180020974,43.71470921412063
758,IMKTA,-0.605216210844092,52.75422282368159
759,IMMR,0.5602262446799263,38.350294108713385
760,IMOS,2.8831422897014014,26.8041801530269
761,IMRA,-1.1545882194613177,79.27408584035116
762,IMUX,1.6927098612844667,6.4732817988609614
763,IMVT,1.6029606942137429,14.705731302350785
764,INBK,-1.8242283370537724,51.79956710288982
765,INBKL,0.0,inf
766,INBKZ,-1.125700718029097,52.255034104228265
767,INCY,0.30675099266066813,13.94439382346391
768,INDB,0.28550780376954343,24.753273980956692
769,INFI,2.3880645240380547,6.351587173344858
770,INFN,0.41580000359858377,83.59339124751064
771,INGN,3.54523188189268,6.516445468353837
772,INMD,-1.352634409819561,61.8166684666104
773,INNV,-2.0954633524837942,19.735777848429453
774,INO,-1.263160036321272,30.67654118830043
775,INOV,-1.3919533134411322,24.06391718174388
776,INSG,0.32240444411214736,78.50454802437744
777,INSM,-0.725047774135885,4.743174671477423
778,INTC,-0.6055926781838028,37.63187944320353
779,INTU,-0.07693223646325356,173.96946648009651
780,INVA,0.17271552586738656,312.562329288121
781,INZY,-5.287540470074875,4.084364791849921
782,IONS,0.5063319144766837,43.12956577906199
783,IOSP,0.14479200135844092,511.68290061457077
784,IPAR,-1.1401060962192975,24.179826473153945
785,IPGP,-0.03479702163245817,587.7698562358881
786,IPHA,0.239515021769758,483.4330340896828
787,IPLDP,0.0,inf
788,IQ,-2.489622665803723,15.743257715392325
789,IRBT,-2.5742732620023396,23.09486597704524
790,IRCP,3.1971521444769695,22.13791025751043
791,IRDM,0.23526376829774603,136.40920088948727
792,IRTC,0.3010983514247902,47.34095537706201
793,IRWD,-0.5276997937228435,23.170691402911796
794,ISBC,-1.3140592117092158,7.610648859887962
795,ISEE,1.2738858965328062,24.567870008266482
796,ISRG,0.8565601319782038,13.02337613636467
797,ISSC,-0.1614164996357526,1000.7555727139676
798,ITCI,1.9171145790233282,31.873981352659758
799,ITIC,1.1210222311776767,52.76873904215108
800,ITRI,-0.20363586172745585,102.59827214185282
801,ITRN,0.17786089788543813,366.7813008802254
802,IVAC,-2.335764228316317,13.017040860629285
803,JACK,-0.4466344543107188,118.35365393217204
804,JAKK,-0.2721085787382208,341.89298807596157
805,JAMF,-0.8321067783501104,0.3761404828404377
806,JAZZ,1.1754987998172495,24.81753303873629
807,JBHT,-0.42533153703636595,99.51536663056766
808,JBLU,-0.4982579882338356,97.16734929225143
809,JBSS,-0.8132850227390949,54.99132141869011
810,JCOM,-0.22924413025713947,19.03749061297843
811,JD,0.7618061032348353,66.85226503157708
812,JJSF,-1.1528452737169352,80.0349216631966
813,JKHY,0.036696109237403435,1242.42444818415
814,JNCE,-4.173026517776344,19.45623325863782
815,JOBS,-0.6239490968465597,75.55278858190344
816,JOUT,-1.0952944163884073,5.722485364687199
817,JRJC,-2.4344590023638264,19.384598873972912
818,JRVR,-0.19261669738494647,234.82096856984623
819,JSM,-0.16413216399895483,541.403262720968
820,KALA,-1.8575804591124085,27.207394879558418
821,KALU,3.6804769892874845,5.003619794074229
822,KBAL,-0.21283954180735393,219.79522922564368
823,KC,0.061987352026282506,148.73621643445261
824,KCAPL,0.19543148069035957,551.0489267741605
825,KDMN,4.926103745908273,0.992657532392804
826,KDNY,3.891544930214006,27.48562256635648
827,KDP,-0.8484141630782063,59.169049466708934
828,KE,-0.5393210421787219,8.817094797626952
829,KELYA,0.5697980927444984,95.48956029858141
830,KELYB,-1.2519550137338806,118.07619709564428
831,KFRC,0.6068180410872779,90.43372201244696
832,KHC,0.049864019971096366,1197.3736640625266
833,KIRK,4.274907081826824,8.84848028197942
834,KLAC,-1.7243202698649378,2.5646317441765074
835,KLDO,3.971812173325693,8.355584740308874
836,KLIC,-0.6542718123526242,17.24575986474229
837,KLXE,0.8249928980206341,3.530199591748696
838,KMDA,0.16352824250339273,431.0142657178253
839,KNBE,1.6704006768698099,12.659082858768869
840,KNDI,2.51889322054887,5.409362756165279
841,KNSA,2.66192761135128,9.672013701582351
842,KNSL,-3.725071344528133,18.166633946343595
843,KNTE,-0.7443202696041209,11.274190337543283
844,KPTI,-0.1037906449847224,223.25085572823554
845,KRNT,-1.7137015497713195,55.77687540413217
846,KRNY,0.23856645955186712,0.46600378790723485
847,KRON,1.8654543615639607,10.174675161149455
848,KRT,4.547861540407448,28.362043253238195
849,KTOS,0.5519765132565292,41.90122417285325
850,KURA,1.1233899726131833,3.632391053217554
851,KVHI,2.023119505282815,50.84255865549763
852,KZR,2.41796794896607,28.336025052560537
853,LAMR,-0.010133363488656566,3096.670416128322
854,LANC,-0.5518944957756196,12.686341544637884
855,LASR,0.40848126173045635,81.86380316272539
856,LAUR,0.9950239314132612,10.08272832402891
857,LAWS,2.0418069298860884,50.24129575071105
858,LAZR,2.402650851106908,22.64963187354706
859,LBAI,2.553195818096188,8.971553632408657
860,LBC,-0.9025305248944288,60.123801239653595
861,LBRDA,0.09149091146237527,294.08199313302623
862,LBRDK,0.2782712212204098,129.4719439126328
863,LBRDP,-0.07404834355493767,1171.4912689093205
864,LBTYA,2.8287452158160176,14.57731038852659
865,LBTYB,2.736599398978579,24.3611347322336
866,LBTYK,3.3846715613848186,8.29312954207482
867,LCUT,-0.6779686879303496,50.12116802621835
868,LECO,0.4847869446622184,27.26116941957941
869,LEE,-1.914823124584027,12.02282468717006
870,LEGH,-0.6814357840597531,23.293487433914994
871,LEGN,1.45502192473302,22.697228535735494
872,LESL,0.10286537522629123,1166.5916483008887
873,LEVL,-0.5706734896316716,39.970171682749886
874,LEVLP,0.3977160843224405,502.87128905215195
875,LFUS,-0.4734053048532239,82.57771529995325
876,LGIH,-1.5610027267207272,11.197861773191741
877,LGO,0.8201487530833794,68.32473530999981
878,LHCG,1.138396027041362,21.39569598066294
879,LHDX,0.43635975230823865,64.52770718189367
880,LI,-2.3044830830236287,0.09353993046088832
881,LILA,0.364565744928655,46.97717817621681
882,LILAK,0.36062163606695086,114.94004883228754
883,LINC,2.3059200342237873,20.77066854654041
884,LITE,-0.2749018203463082,109.29387671900416
885,LIVN,4.089350213343073,7.315852079078211
886,LKFN,-1.9452626739673697,18.150581176574708
887,LKQ,-0.1975203589005116,102.87641563445737
888,LLNW,-2.4489772086439867,12.346865378367673
889,LMNR,0.6764314173224029,45.73690671530152
890,LMNX,-0.3809507201318027,122.47390625105697
891,LNDC,-0.4395537324004121,115.37762076629288
892,LNT,-0.39704244957401863,71.08873145127652
893,LOB,0.6324436068436623,70.9443514940015
894,LOCO,-0.5336504821187052,76.56335131893984
895,LOGI,-2.1351736325055826,26.03389923835072
896,LOPE,-0.6182945153719848,55.13061441476864
897,LORL,0.0,inf
898,LPLA,0.855423953758349,21.49613049834989
899,LPSN,2.3672879027230276,28.8493088376887
900,LQDT,0.8551670466837084,64.4483634703977
901,LRCX,-1.0647528904673156,27.64385543522359
902,LSCC,-1.7547180264349906,12.79770166828417
903,LSTR,-1.6282080903288025,5.420022741472486
904,LSXMA,-2.5655041786849218,17.50140499929494
905,LSXMK,-3.000764234542006,8.470706639714733
906,LTRPA,0.19174980267033384,284.5520655895132
907,LTRPB,0.6725635812179596,38.37027804296179
908,LULU,-0.3602330372631733,3.750118822343432
909,LUNG,1.8360217952568223,30.656271370361743
910,LVTX,4.154300703252939,20.265973639597984
911,LX,1.7941959836372645,9.024493417789909
912,LXRX,-3.4816306096616616,14.769928228357529
913,LYFT,2.0073317301921834,37.275050347062965
914,LYTS,-2.2988483067595284,9.932803321569729
915,MANH,11.537477771996052,8.99128628213246
916,MANT,0.5043902918589267,9.262386082728144
917,MAR,-0.1938624570041712,125.73301235424006
918,MASI,1.3513492079017897,65.40956063726736
919,MAT,0.8677804903449783,9.112530928854822
920,MATW,-1.1375458040411968,27.48996216461654
921,MAXN,-3.714065208516236,6.868719084672389
922,MBWM,-1.320748990634678,12.432278474358927
923,MCBC,-0.10367314906473421,429.19972549164135
924,MCBS,-3.3983635392720717,0.4396616740700011
925,MCFE,-1.4552638602072878,6.535781375762722
926,MCHP,-1.8391018361244877,11.740979251102416
927,MCHX,-2.321722506630943,0.8481020706120049
928,MCRB,2.7919979582761068,2.75127860428414
929,MCRI,0.7283321032578792,13.19039330628241
930,MDCA,6.0046243293995545,6.632655611947454
931,MDGL,1.0120558402652973,33.191578892864484
932,MDLZ,3.61203980949096,18.520024154695687
933,MDRX,-1.8153421508755117,4.043491197160984
934,MEDP,0.6516285079878198,171.7533802391528
935,MELI,1.0573520984909,32.1172159925496
936,MEOH,4.086716536251172,14.726753288513152
937,MERC,-1.3329553640076186,23.751316178842814
938,MESA,-1.5090996104115664,31.011695506192563
939,MESO,-1.2219915225280955,71.07946759699061
940,METC,-2.955662247544964,7.323239204005958
941,MFIN,0.5970058156483209,191.87687027907873
942,MGEE,-0.8307805039130454,39.758353543934476
943,MGI,3.243240108448233,0.48912334488631104
944,MGIC,1.5393737335513062,9.299749087349927
945,MGLN,0.0,inf
946,MGNI,-0.7534270388743097,45.13538074136157
947,MGNX,3.137142398215409,3.7551995694229308
948,MGPI,0.6450535554027257,29.344592083977894
949,MGRC,1.5742347092912496,4.447995043229581
950,MGTX,2.5903212325581038,20.36099372440683
951,MIDD,0.12009455634648672,189.9164615617627
952,MIME,-1.4197054246425298,25.590528903417447
953,MIND,2.1052711888363485,40.7785005688476
954,MINDP,0.04129766348406324,749.4947253934952
955,MIST,1.8659823076022726,20.239651103020538
956,MKSI,0.44737769624297824,66.16697396614514
957,MKTX,-1.2751007795456444,5.468177242197814
958,MLAB,0.03918734510639806,1197.8044285153794
959,MLCO,3.3307691882909807,18.793785321314314
960,MLHR,-0.36210387119261206,99.75373089010237
961,MMLP,4.40528217941891,20.054870530190083
962,MMSI,0.5506210742983176,63.362364542291964
963,MMYT,0.07259001915275713,906.2900871876908
964,MNRO,0.39487577110977135,82.88567298771963
965,MNST,-0.5685001069156209,2.3476838613758053
966,MODV,0.7617608316059266,55.29287207271885
967,MOFG,0.1619408487790992,309.2667422532312
968,MOMO,-0.5823368038316296,71.28668034588044
969,MOR,1.2992604377567465,63.33273291056692
970,MORN,0.1524238875033226,411.0444546527332
971,MPAA,-0.13802938633261608,140.01252349306833
972,MPWR,-1.961918662880852,13.996324717157162
973,MRBK,-1.9566477540466396,8.122398538903445
974,MRCC,0.28155544233190594,32.311479575178495
975,MRCY,-1.1022127647050048,31.209945213442325
976,MRLN,0.8518293637378083,54.111032156850555
977,MRNA,-2.6126162192640265,16.38727796973829
978,MRSN,0.9632741814133073,53.66099115319968
979,MRTN,-0.4784684355765917,44.53390035794283
980,MRTX,4.760987516014473,4.1995465249688735
981,MRVI,-0.23737348000055736,79.93947619010825
982,MRVL,1.876413105099826,1.8009346328907148
983,MSBI,-0.3887634212933718,79.76322383116265
984,MSEX,-0.6385027650232163,5.750907944935041
985,MSFT,-2.8691474569226423,14.15942902829195
986,MSTR,0.5641462497301244,94.82521608589266
987,MTCH,0.8393031885634915,63.64936324109713
988,MTEM,2.183403953989797,24.745345261942216
989,MTEX,-3.2004020692770134,37.941661328822576
990,MTLS,-1.4497117518545668,22.31680962445298
991,MTRX,1.4399361721219137,35.33693437580552
992,MTSI,-0.791915739425505,91.11796720946006
993,MU,-3.9090550423716377,2.3714302908919254
994,MXIM,-2.4438604051077024,2.1294797320623826
995,MYFW,-0.7420446411940591,3.53090257754363
996,MYGN,2.8640428075938806,11.601772517172744
997,MYRG,0.5565625877607292,67.43681523754483
998,NARI,-0.12304393667642703,404.7351836271586
999,NATH,-0.8588859796701617,87.17314829210267
1000,NATI,0.19635682478538635,91.1925107661176
1001,NAVI,5.323200856107016,7.911608794063098
1002,NBIX,0.02046948853261531,758.4001423540054
1003,NBLX,2.626123842092226,11.414678492153431
1004,NBRV,3.5502995309749292,6.4316316416698625
1005,NBTB,-0.8861093175693647,76.08162091212985
1006,NBTX,-0.6386530877199457,313.1590590347252
1007,NCMI,-3.4782576245485726,12.131229156501663
1008,NCNA,5.64971727059931,5.937978294571888
1009,NCNO,-0.7357745745290267,2.7374674374497814
1010,NDAQ,-0.7177463980186477,5.943330788674242
1011,NDLS,1.813838492726606,18.165514122610865
1012,NDSN,-0.22912977740633983,191.06020237615795
1013,NEOG,-0.3136466774406106,85.14940291147805
1014,NFBK,0.18559039106900665,72.90471737567847
1015,NFE,0.7195855319096371,18.82943366105213
1016,NFLX,0.1916865914279457,85.65300755048031
1017,NGM,2.762035359839491,9.252984870394389
1018,NH,0.0,inf
1019,NICE,0.7278226023278541,0.27166805297175317
1020,NICK,0.9661780552350662,65.96740982774342
1021,NKLA,-1.7177917364841433,17.407031848644017
1022,NKTR,0.793256553331198,20.802834291602363
1023,NKTX,-0.5767261896077664,67.0171260058868
1024,NLOK,-1.5239809983273296,3.7153503756955146
1025,NMFC,0.30441371582544524,81.01845128887173
1026,NMRK,2.590191808078733,12.953194725992551
1027,NNBR,-0.9339582455433938,3.10471199800899
1028,NOVT,-1.0951639234414121,15.862992561863297
1029,NRC,1.6035261901440352,58.93604674894997
1030,NRIM,1.2304790699179573,54.17943977796525
1031,NSIT,0.8309286452304017,0.9809707663484576
1032,NSSC,0.1164170978369912,147.04882899836224
1033,NTAP,-0.09134167985562539,147.21858407979042
1034,NTCT,-0.3660335984480382,114.64687487629233
1035,NTES,2.2746380207208783,1.4266185110686744
1036,NTGR,-3.231226458901014,1.2558609141474184
1037,NTNX,0.5137592280676605,47.28279959786586
1038,NTRA,-1.7261785066401973,21.545913151082406
1039,NTRS,0.5918716192711078,53.587227890813
1040,NTRSO,-0.14593548248822918,323.5463356131913
1041,NTUS,0.34045831059630854,208.55555923658403
1042,NUAN,-0.13173933760312373,129.45529018993943
1043,NUVA,1.7161254588408976,29.45640646385065
1044,NVAX,-5.339287039383719,9.766833481469483
1045,NVCR,-3.349282296650718,12.074260802514901
1046,NVDA,-0.6849669936650035,34.85444416507543
1047,NVMI,-0.3680235243045197,33.659227112714376
1048,NWBI,-0.21163833211071273,83.58937842573476
1049,NWE,-0.5901481350554665,62.35918706819904
1050,NWL,-0.9705122405825195,28.48803922914752
1051,NWLI,-0.05994920815590192,764.536092188919
1052,NWPX,0.3298863587483263,97.30249396758853
1053,NWS,-1.1858553115194421,22.895754112236702
1054,NWSA,-1.4415749837475587,16.34280220858074
1055,NXGN,-0.5382049221297713,87.79650715050914
1056,NXPI,-2.362890259529599,10.189266512464815
1057,NXST,-0.8070392508304922,59.75732775499614
1058,NXTC,-2.0753640199783043,6.263674021492388
1059,NYMT,1.3043465416012678,17.389008325360688
1060,NYMTM,0.657623707003027,94.86476907169997
1061,NYMTN,0.3657799401028177,149.12095652408456
1062,NYMTO,0.04034790622801831,2050.230627123874
1063,NYMTP,0.6977224347913219,35.27962322545455
1064,OAS,,
1065,OBNK,0.02425642314155279,871.4479978667064
1066,OBSV,7.051282957499939,10.325191014814846
1067,OCDX,-1.7504395272465396,17.221600980540828
1068,OCFC,-0.17226101515385187,277.9581665035412
1069,OCFCP,-0.5580741087768839,318.5558602018083
1070,OCSL,0.591722466665926,88.672489023858
1071,ODFL,-0.44221426763996025,9.215310165745612
1072,ODP,-2.8819966760481366,8.10435792802866
1073,ODT,-1.6260146842582102,26.613268305350193
1074,OFIX,0.47679168760621793,22.0773894828623
1075,OFS,-0.22650575239504023,17.589238696558414
1076,OFSSG,-0.2746701712684523,71.38686755356095
1077,OFSSI,0.14681169322819523,1021.7169811320755
1078,OGI,8.759124786244465,5.540157073060472
1079,OIIM,0.4008044118745514,29.08059091605251
1080,OKTA,-0.41073708293683014,4.204433808086129
1081,OLED,-1.5719864663606218,14.350699155156843
1082,OLMA,1.5122859032693001,9.048692774780813
1083,OM,1.4786805581290405,43.13264588561786
1084,OMAB,-0.38804960572024005,160.2609082556144
1085,OMCL,0.2037363746073685,91.33995615187398
1086,OMP,-0.5663088325140391,162.75143900602004
1087,ON,-4.365778110020281,22.111630520111458
1088,ONB,-0.4698519935352285,37.047665880073914
1089,ONEM,0.5616084542913309,46.027851607062836
1090,OPCH,-0.1560503903169587,566.0986862588853
1091,OPEN,1.977458726558613,38.594287864653424
1092,OPENW,3.647115685113003,6.928970809973275
1093,OPI,0.07191822419186131,539.4956801484304
1094,OPINI,0.05160254833007158,1137.456464329455
1095,OPK,-2.609730385631171,6.746844001327495
1096,OPRA,-0.8733657915767652,108.5807719065762
1097,OPRT,0.4768735345557312,159.17761263432988
1098,OPT,0.10863909793287334,1840.9578485599848
1099,OPTN,-1.0781660765967553,34.88247213351721
1100,ORBC,0.0,inf
1101,ORIC,3.116032054874083,16.953923357825257
1102,ORLY,-0.69706331563586,40.823047031166716
1103,ORPH,-8.421044600637336,15.951507749856681
1104,ORTX,-0.3316746438044204,147.9274130999844
1105,OSBC,1.5843081394828047,1.4939416432576704
1106,OSIS,0.029738566837050808,673.8083697137043
1107,OSMT,2.38500619299354,31.598517820420334
1108,OSUR,-0.5254880865629592,64.49612624838426
1109,OTEX,-0.793321651652435,71.43719016219026
1110,OTIC,4.979258325297423,15.800561795446484
1111,OTTR,0.23771065742708963,402.72842465779866
1112,OVID,2.3166062499052615,4.991713164841205
1113,OXLC,1.1940287460221461,3.9441004711062178
1114,OXLCL,-0.05904278988255065,1708.3297302644953
1115,OXLCM,0.15791913007432484,723.6977194081906
1116,OXLCP,1.1204433047673716,57.358485966259536
1117,OXSQ,0.8064508376086847,8.141977658825057
1118,OXSQL,0.25309876271249915,92.9653369796734
1119,OXSQZ,0.0,inf
1120,OYST,1.877051199689597,2.0103793153241662
1121,OZK,1.0149878979233822,9.344481940995696
1122,OZON,-1.6943906970277856,13.127552255767416
1123,PAA,2.5668526977585238,6.712660357914503
1124,PAAS,1.158893197954815,1.5864709924495406
1125,PACB,-0.029725944596895607,2371.758947047772
1126,PACW,0.8733648956935436,89.51905658201055
1127,PAGP,1.4552951280030209,48.179865000013336
1128,PASG,5.871263782558358,19.717228082905482
1129,PATI,-2.25352791214412,51.645324721195344
1130,PATK,1.069517445649724,35.67609873256092
1131,PAX,-2.659196373554965,9.128647443425841
1132,PAYX,-1.2895408078288115,29.847796971057157
1133,PBCT,0.10947157779173924,93.13412500405924
1134,PBCTP,0.1793694603068946,292.1030486881002
1135,PBPB,0.3316746438044204,284.97545139374034
1136,PBYI,-0.5865143646610995,42.1643920222852
1137,PCAR,-0.6594839273906041,9.739793948095423
1138,PCB,0.5752585428142926,58.60981846422875
1139,PCH,-1.5104222151535607,8.306163162550012
1140,PCRX,-1.715263458288014,34.13201310968672
1141,PCTI,-0.9022547980485243,21.597093650924197
1142,PCTY,0.18521518700371126,39.26636573588075
1143,PCVX,-0.6088322628165771,49.10733256361367
1144,PDCE,2.8843470982142856,6.770688159511221
1145,PDCO,-0.4876557452498385,106.60442257666786
1146,PDD,1.6215211972917416,7.317928636178271
1147,PDFS,0.0,inf
1148,PEBO,-0.4133433541878383,2.1483636573828253
1149,PEGA,-0.4884326703348014,121.04959949556925
1150,PENN,0.21563013287567387,181.67265152391172
1151,PEP,-0.7445894591522454,7.425759774994306
1152,PERI,2.1977942642720008,30.682103092077835
1153,PETQ,-3.180999525897385,3.78522150710823
1154,PETS,0.03253694157651753,695.1029914886515
1155,PFBC,-0.13564006918252916,633.9192320017158
1156,PFC,-1.8051603843975434,16.244842954500612
1157,PFG,1.2481192825307508,6.158600054457873
1158,PFHD,0.31981569672208876,126.76219759084927
1159,PFIS,1.1918950915531874,15.254545731977984
1160,PFLT,-1.0200087151388366,36.008074617026516
1161,PFMT,0.44543387269563,171.52343403871035
1162,PFPT,0.034827629364226585,1236.4445484531655
1163,PGC,-0.12775154149678739,887.8163980727046
1164,PGEN,0.3780684711723241,75.05403131306188
1165,PGNY,1.7906286194838485,22.454684854492143
1166,PHAT,0.0250804504969465,909.6652716661721
1167,PHVS,-0.4402665906119211,176.85329089274538
1168,PI,2.2452303586164004,12.439905857915374
1169,PINC,0.08578296974097088,639.6516787701762
1170,PKOH,2.4649890653355615,14.639264497671356
1171,PLAB,0.15407938412917688,119.13840949369262
1172,PLAY,-1.048244025392198,35.00895532752342
1173,PLCE,3.4865293185419968,1.201115851657368
1174,PLMR,-4.363534504721775,3.837856703128134
1175,PLPC,-1.5160586964439855,9.65275709693085
1176,PLRX,1.7704431293293452,6.129941706970079
1177,PLTK,1.1181048338659014,23.329880649115456
1178,PLUS,-0.5172173202151025,67.19438232695313
1179,PLXS,-0.9897305418672616,8.066461525662271
1180,PLYA,-0.5319143876925793,39.156453800812194
1181,PMBC,1.281311704866405,5.760792473818973
1182,PMVP,0.5019990692206195,65.43362071662413
1183,PNFP,-0.7195046785901942,4.1471622344311
1184,PNFPP,-0.27698242832821446,231.06158894730407
1185,PNNT,1.0471158627282462,7.299846233564023
1186,PNNTG,-0.1417183587521336,1411.2497615767722
1187,PNTG,-0.8251761559975961,64.93904319913023
1188,PODD,-0.28983759204424153,12.11032919690883
1189,POOL,-1.5293062707536793,22.455274128148986
1190,POSH,-2.049780103897767,19.424773265071046
1191,POWI,0.4546509481175144,25.41632345297292
1192,POWL,0.19838371865361562,198.76437748341166
1193,PPBI,1.0769565290141867,16.826088450010577
1194,PPC,0.8950415841578012,55.59632682927916
1195,PPD,-0.18381161034050436,199.7430957349393
1196,PRAA,1.0445946142011164,41.44433017963198
1197,PRAH,-0.060193874974731706,82.71295977227
1198,PRAX,5.153136205402937,11.439755312918438
1199,PRDO,0.08350125500753681,347.94941253902914
1200,PRFT,-0.21888585311506775,13.545368166308204
1201,PRGS,-0.19918148423511015,271.15636638404146
1202,PRIM,-0.15022698508950183,55.7254745221024
1203,PRLD,10.475810660042798,6.789061961146912
1204,PROV,1.1893557528485685,38.53626908816822
1205,PRPL,-0.3700044607040312,118.83927293628035
1206,PRTA,5.868727722591087,3.511246129237692
1207,PRTS,0.3955902573125991,31.44494739225052
1208,PRVB,-0.1294528026574984,343.49348903492063
1209,PSEC,0.49079707220818136,12.065751203959177
1210,PSMT,0.9403093321390015,50.82945880517514
1211,PSTX,4.124795270178811,10.80358847035766
1212,PTC,0.33774657030252375,1.5915762124042738
1213,PTCT,-6.105341267175628,1.926453824018441
1214,PTEN,6.676783959805594,4.461143155387802
1215,PTMN,-1.2793165266021005,19.111570568366094
1216,PTNR,0.0,inf
1217,PTON,0.8562024647442987,11.118493141961778
1218,PTVE,-0.07044895453912706,640.5748022186924
1219,PVAC,5.93032005952794,6.1700360399600385
1220,PWOD,-0.17057146483603491,10.469009499512932
1221,PYPL,0.8408768121631237,29.773551635947822
1222,PZZA,0.22943082918287583,126.09993915339705
1223,QADA,0.7236960126712434,30.412727157015325
1224,QADB,1.4814814814814816,135.0
1225,QCOM,-1.0488653019262428,32.251768020030916
1226,QDEL,-3.5572044091433512,4.29256216899657
1227,QFIN,3.662738842676177,4.795301167196463
1228,QIWI,0.9319611147963903,51.55398538981909
1229,QLYS,-2.3096908414001187,3.3573509105373955
1230,QNST,0.8720945276096116,43.37163085578428
1231,QQQX,0.07064803299531289,35.51352340755416
1232,QRTEA,-0.5588874089064957,34.1886599054752
1233,QRTEB,-0.31771217540275415,303.09287383848095
1234,QRTEP,0.8078272601336317,18.891469661697638
1235,QRVO,-0.6726863436599662,17.901839873448555
1236,QTT,1.232031647887002,17.63841271746583
1237,QURE,-3.2056930817369365,12.114327988465732
1238,RAIL,1.2337238059853881,23.8249355392052
1239,RAIN,5.4533962294730225,4.8101199275282305
1240,RARE,1.3058129527602371,62.12817408007975
1241,RAVN,0.6396022729965367,16.203251303474463
1242,RBB,1.0528908883721446,2.8445571640363245
1243,RBBN,-0.12276581007900861,206.9576206634654
1244,RBCAA,0.06752679755107165,293.77075610583165
1245,RCII,-1.680672268907563,21.12518173887758
1246,RCKY,-7.815595351922306,2.5130741845696445
1247,RCM,1.5509603496533368,12.60867536679872
1248,RDFN,-1.008593053278903,16.735932996742815
1249,RDWR,-3.012983313886634,20.30947375052471
1250,REAL,8.469054919252793,8.932782615108577
1251,REG,-0.4775597790754684,12.58132067957627
1252,REGI,-1.7073587249623448,19.411213311233887
1253,REGN,-0.8248450561058569,38.56741308367459
1254,RELL,-6.18556987217294,18.14284874874235
1255,REPL,5.823539285098805,4.6040380486118995
1256,REYN,-0.642219144203583,4.035169985235841
1257,RGEN,-0.5491349694228674,25.09702150693632
1258,RGLD,0.8757051327465707,5.250818681834053
1259,RGNX,2.51732258852164,11.934684656425109
1260,RGP,0.43072807147231124,117.7174851381195
1261,RIDE,-2.1194538625141592,16.98849056204208
1262,RIGL,-1.3140592117092158,28.964315088350318
1263,RLMD,1.0011634067758446,51.74931830196596
1264,RMBS,-1.6679297970406646,8.585663930770203
1265,RNET,3.829783542817871,23.19081182544732
1266,RNST,-1.7308820923010184,2.946264082913271
1267,RNWK,5.323197914753029,15.146457753629617
1268,ROAD,1.5923567072431806,16.94488602719124
1269,ROCK,-1.1672544256825819,53.8585099126202
1270,ROIC,-1.4730890677209783,13.232952305445886
1271,ROKU,-0.8101459447907056,56.345454600230674
1272,ROLL,-0.5394285624531623,70.4537231417443
1273,ROOT,-3.3529666940381704,6.506853780226771
1274,ROST,-0.5044773878118699,74.73827007466339
1275,RPRX,0.9358333143859267,52.04193976828415
1276,RPTX,0.5452902584922665,144.12943224747437
1277,RRBI,0.3311263854943822,196.10356582763652
1278,RRGB,2.717064832727894,14.70740249108073
1279,RRR,4.3707208637567065,3.7248797063260515
1280,RTLR,2.431332765651648,12.513776573185003
1281,RUBY,-0.5411074721306788,105.41263818321877
1282,RUN,-4.7623402897875255,3.4980908380689724
1283,RUSHA,-0.5779789136760796,12.015048092803545
1284,RUSHB,-1.6296451411831847,6.789103656763753
1285,RUTH,0.1623995452410045,104.0821088139339
1286,RVMD,-23.244867663564936,7.599151614975351
1287,RVSB,0.0,inf
1288,RXDX,-3.227112326100143,5.514117578791539
1289,RXRX,-0.22289346694389675,40.39430664793164
1290,RXT,-1.2568395151908738,7.94253104274243
1291,RYAAY,0.7974376894624869,25.674041705103328
1292,SABR,0.3237305935846092,117.20367119339838
1293,SABRP,0.023146908104066898,846.8871357601976
1294,SAFM,1.3746720141003683,24.812597399070633
1295,SAFT,1.3845460150448123,40.634129371612005
1296,SAIA,-2.9901057884886972,11.674001829506818
1297,SANA,-3.445572286926324,3.326187468078069
1298,SANM,-0.24102745087979616,32.84257956933977
1299,SASR,-1.4588856117401272,36.88853708322422
1300,SATS,-1.279139551615267,19.653345061570175
1301,SBAC,1.046133055836519,71.27512181041348
1302,SBBP,0.38387680797139967,33.58354862935073
1303,SBCF,0.0539969176544946,1030.9697057382061
1304,SBGI,1.3727332021127572,17.55724226184806
1305,SBLK,1.0946948983488647,47.56979280304107
1306,SBLKZ,-0.03838864082900717,3125.9246852346428
1307,SBNY,0.36858397906688767,129.44529256014462
1308,SBNYP,0.2337412275523382,426.96388367492153
1309,SBRA,0.9890126243418337,7.312101518588407
1310,SBSI,-0.5643468211814873,92.89239780249585
1311,SBUX,-3.281557602211686,20.80974264665829
1312,SCHL,0.6253040160532403,2.0799131323208164
1313,SCHN,2.5332685539099318,2.892388667401175
1314,SCOR,2.234634788015244,2.3525340836364874
1315,SCPH,-1.8126871243736828,0.701767441578336
1316,SCPL,-1.0554029425004838,2.435010129441593
1317,SCR,-3.5825940255897097,10.05858785179864
1318,SCSC,1.0538822585225462,3.981283641387377
1319,SCVL,-0.8558720804629161,36.33583319913144
1320,SCWX,-1.543550443605761,13.658524196573525
1321,SDC,0.9653326622322834,15.653138544572203
1322,SDGR,-0.45492749447405645,166.98180703031124
1323,SEAC,0.0,inf
1324,SEDG,-2.66834816045049,19.46250590351526
1325,SEER,-0.2844439634830721,200.41574209152296
1326,SEIC,0.9400506483098157,22.896375480385593
1327,SENEA,0.28436454770657965,87.73553333859013
1328,SENEB,-0.14704273815214156,1360.1487738419619
1329,SFBS,1.0620086093718764,8.057999704903706
1330,SFIX,0.2808625987826101,139.78639958654063
1331,SFM,1.5002935130371995,1.8740475406245962
1332,SFNC,-0.4835968840050368,145.54617132395828
1333,SGEN,0.19393182561819336,218.45651342082428
1334,SGH,-2.991752109816388,30.823491863902085
1335,SGMO,2.1311494503826305,5.538685553128066
1336,SGMS,4.83829163484169,5.89724862597824
1337,SGRY,2.2790871235817765,4.545200630579126
1338,SGTX,-0.12722331015445673,317.12112756317254
1339,SHBI,2.859746281439119,31.77963325206292
1340,SHC,-2.7482136279192133,8.241010490149487
1341,SHEN,0.39350200270619534,70.68199051560563
1342,SHOO,-5.987155876265668,2.7926763127666816
1343,SHYF,-0.8032108005262137,4.337215183383334
1344,SIEN,0.5730653544946104,125.50168579268305
1345,SIGI,-1.6315861752158718,17.607163167279225
1346,SIGIP,-0.03961271113950916,132.8653794031139
1347,SILC,-1.8670521151318626,50.97592512135838
1348,SILK,3.635769910044721,4.136896417406892
1349,SIMO,-0.9294409918535449,32.96306826409344
1350,SIOX,4.580157395391687,30.90458844499573
1351,SIRI,-3.8772175912698286,11.449482578504101
1352,SIVB,-0.7127282636146909,22.909994228188687
1353,SIVBP,0.36549847487048975,86.71442222096456
1354,SKYW,-1.2071630598552086,17.844952441198835
1355,SLAB,-0.6794592684512599,43.737253137395584
1356,SLDB,-0.9606184720030166,21.685607404499137
1357,SLGN,-4.33803019918218,9.206405933047638
1358,SLM,0.8874971478142436,101.98794746324378
1359,SLMBP,3.0058596431753504,15.23129419368224
1360,SLRC,0.7040404388895419,19.581840765759285
1361,SMCI,-0.9394588027624301,11.67312001413507
1362,SMMF,0.27221347232686743,149.19550627955775
1363,SMTC,-1.0705763040726877,16.249364007658443
1364,SNBR,1.497233613648948,16.939090118383454
1365,SNCR,3.23054726692133,5.14473388168917
1366,SNCY,4.455153054336953,5.636419401274267
1367,SND,1.1834308396364168,27.628196097666773
1368,SNDX,1.161727473534008,23.78176556500783
1369,SNEX,3.712071013950026,14.190738583126782
1370,SNPS,-0.13119519600038762,282.73862630053355
1371,SNY,1.958902297635243,14.717434768109317
1372,SOHU,2.647288968560034,3.9849561356670615
1373,SONO,-2.397631183929896,15.051523237141726
1374,SP,-0.20292708216180266,307.66648674365297
1375,SPFI,5.090904235839844,4.513682116132858
1376,SPI,-1.4430000529475022,9.845471937100681
1377,SPKE,1.6401358422375139,1.261715778385104
1378,SPKEP,0.49639439288622433,170.72264297572048
1379,SPLK,0.5792153105750536,92.52486855390912
1380,SPNE,-0.5411990358434683,22.242664319695265
1381,SPNS,1.582954190944234,19.99197494554608
1382,SPOK,-0.1884967373957132,21.35540266865704
1383,SPPI,-0.32626396951073594,35.74387733709505
1384,SPRB,-0.8348204283060993,74.5974187864054
1385,SPRO,3.8654256976593646,5.1792022849314305
1386,SPSC,0.16638688486349396,5.066460764056879
1387,SPTN,-0.41300941754623877,81.11663445175307
1388,SPWH,0.39851803413551284,240.78218734616883
1389,SPWR,-3.830610281182268,12.470708983642265
1390,SRCE,0.25305552866237785,29.784956953466267
1391,SRCL,0.24332380182247146,24.406165206234384
1392,SRDX,0.2541257300314331,85.66894090318127
1393,SREV,2.105269498111746,6.5999056219344885
1394,SRGA,-1.6901392559285129,15.490613652384775
1395,SRPT,-0.6545234312668708,39.0735607791996
1396,SRRK,1.4013452794939283,21.210003982248164
1397,SSB,0.747549416230219,9.634434741186347
1398,SSNC,-0.33402364342649865,233.31900676223725
1399,SSP,-2.3593400694875495,4.57009139935712
1400,SSRM,1.8518589379093846,13.571571533985642
1401,SSYS,-2.1666685740152998,29.31355880852579
1402,STAY,0.1010538173501164,891.5705282981506
1403,STBA,-0.30442096699265003,229.11023218464828
1404,STEP,1.0405895241166612,87.03449360958007
1405,STFC,3.436046683697048,10.763486475969199
1406,STKL,1.8392606168049692,1.6814504924190754
1407,STLD,0.1997287495737686,247.71941432232865
1408,STMP,0.9457240192700054,56.525808345650034
1409,STNE,-0.35963461439262817,97.22911251263335
1410,STOK,1.6085818303138095,11.931371676955449
1411,STRA,1.1791177632041434,45.728359796313086
1412,STRL,0.0,inf
1413,STRS,-1.1982731650784406,88.48074001440372
1414,STTK,6.037518530545556,13.664943870073035
1415,STX,1.0241182386590437,24.611506580103438
1416,STXB,0.6205646851179543,116.5235589098895
1417,SUMO,0.855336699095912,47.62852227882465
1418,SUNS,-0.19224436356631658,272.7351286101033
1419,SVC,1.1336060275614968,42.73084451047791
1420,SVMK,0.5390856088490693,3.829175721512591
1421,SVRA,7.142856491202856,5.563727543212999
1422,SVVC,0.16013177045784158,722.3780474351902
1423,SWAV,4.6251736887509765,3.057938064774492
1424,SWBI,-3.073479871423708,12.125689168671043
1425,SWIM,2.9027037222484786,2.4010683353703834
1426,SWIR,-0.7926016289122811,7.500360943800335
1427,SWKS,-0.5027755722365592,58.27749052837055
1428,SWTX,5.3435183106725015,3.066417552617837
1429,SYBT,-0.4105152760899795,140.08336515728246
1430,SYKE,-0.18090913070924083,4.832906644695133
1431,SYNA,-0.519804540294687,144.09118385292982
1432,SYNH,-0.06874147506058585,42.059770903116544
1433,SYRS,0.9345785715688957,75.14977920705319
1434,TA,-1.6600541002815903,18.003710347617332
1435,TANNI,-0.9946599860397118,150.1689931272971
1436,TANNL,-0.26702153124843114,100.98920491075529
1437,TANNZ,0.07263520706210784,532.9327055714942
1438,TARS,-0.9544996313956257,2.5868378795064366
1439,TAST,0.520385243060603,46.24197111227851
1440,TBBK,2.065554894554541,7.880000160692631
1441,TBIO,6.047034235178182,3.213416102995708
1442,TBK,0.5861197250870008,56.7843758255215
1443,TBKCP,0.7347009393124063,247.4723688094672
1444,TBNK,-1.9894684739666622,39.92988749304492
1445,TCBI,1.7484075801294126,27.631716833194705
1446,TCBIL,0.4687458206900087,206.87053129765403
1447,TCBIO,-0.076984057413691,1534.5808656188108
1448,TCBIP,0.15631463575156915,213.24512047809776
1449,TCBK,-0.4147083367766079,75.50295919399801
1450,TCDA,1.0405767576075995,43.105788149273174
1451,TCF,0.750055488992141,31.20785163297628
1452,TCFCP,0.6377793209416613,228.19790690046398
1453,TCOM,3.6499977111816406,26.490976865883464
1454,TCPC,-0.27229381686330545,128.8055895782475
1455,TCRR,-0.040470842194211404,719.2458550720837
1456,TDUP,-0.3318660041162018,15.977669410780226
1457,TEAM,-0.06778020788839441,249.68449607170746
1458,TECH,-1.0475987700811107,6.7769906784230125
1459,TEDU,1.4992489814575753,90.04986848141347
1460,TENB,-5.140819375940684,10.604678864989102
1461,TER,0.9867080022533207,40.81039512418397
1462,TERN,0.27932711618794187,98.75950202410952
1463,TESS,-4.039087227433588,25.848046809726164
1464,TFSL,-1.0439924775648293,37.01678523806763
1465,THFF,-2.071241284792833,18.998710129921232
1466,THRM,0.8980458643304785,25.148538576745654
1467,TIG,0.34701831159490915,248.5336196995857
1468,TIGO,2.790705785402824,9.880485988882059
1469,TIGR,5.390590854624653,12.153051860737142
1470,TIL,4.537726257607284,0.6033195256184819
1471,TILE,0.23668428913886067,67.05336366479696
1472,TITN,2.1247797264721346,11.26723002389583
1473,TLGT,3.225803350434739,25.857764990156547
1474,TLMD,6.496196226764775,0.1528661734836274
1475,TLMDW,,
1476,TLRY,8.639311146398434,8.243819705650681
1477,TMCI,-7.532770667073264,9.653781642557966
1478,TMUS,-0.6339595002948113,62.894291680764965
1479,TOWN,-1.0817896163515643,31.077062651485022
1480,TPTX,0.06386334861177619,115.81533494693714
1481,TREE,1.7115685262828924,26.64117353802574
1482,TRIB,0.5649712187014997,50.333118943696434
1483,TRIN,0.3106131195961885,78.93390455613265
1484,TRIP,0.8221946851347676,20.138624039024716
1485,TRMB,-0.7163305708506024,54.7304000591515
1486,TRMD,2.3823033100829014,23.913704324960406
1487,TRMK,-1.569102104443161,17.157524776969908
1488,TROW,0.46292523729758717,62.688861971901
1489,TRS,0.7978299259752708,27.520507037595106
1490,TRST,-0.27027001774510856,251.38328140468397
1491,TRUE,1.560761946458894,25.537303325457096
1492,TRVG,-2.139035387755625,13.986670928179658
1493,TSC,1.566133045014881,27.374671890318485
1494,TSCAP,2.997465264525246,25.662708366784162
1495,TSCBP,-0.07544495507729942,530.1878695403395
1496,TSCO,-1.0023708076467663,32.98925508864129
1497,TSEM,0.06846473943485737,229.43506771012903
1498,TSHA,1.0651381415369066,4.974015142663577
1499,TSLA,-1.4780459013475684,18.974881273388448
1500,TSP,2.0530789259363225,39.504325307019094
1501,TTEC,-1.1152930580617983,9.65826279489631
1502,TTEK,1.614412500256366,15.523400569139662
1503,TTMI,0.13158196062266148,299.7356549711177
1504,TTWO,0.05736597399485036,130.15007386784356
1505,TUSK,-11.207965734231268,13.933091862037799
1506,TVTY,-1.9851097443269394,41.67469484691859
1507,TW,-0.8641773822496207,65.62504075916559
1508,TWIN,-2.7122095412649276,2.234564095582194
1509,TWOU,0.0,inf
1510,TWST,1.4933798917007957,42.93194218513622
1511,TXG,-0.7476236281995157,26.934610946180822
1512,TXMD,0.0,inf
1513,TXN,-4.510388448814523,18.569742006997036
1514,TXRH,0.4176177490501946,26.978866638755488
1515,TZOO,0.0,inf
1516,UAL,0.1308038785809255,83.21538726187495
1517,UBFO,0.6042319052401551,39.32165496424309
1518,UBSI,-0.8916022534651745,2.0237181598254352
1519,UBX,1.153845042872016,20.48710614954188
1520,UCBI,0.5691137499068035,38.01526916192125
1521,UCBIO,-0.29027548072572673,419.73603886610215
1522,UCTT,-1.3439914377851172,13.404403479344062
1523,UEIC,0.12751561023863486,27.842048917337117
1524,UEPS,1.7730479214994161,14.83227961441488
1525,UFCS,0.0,inf
1526,UFPI,-1.7579325110762833,24.356018724859478
1527,UHAL,-1.4647399815736595,47.67653651477813
1528,ULCC,0.3804085816540903,196.49780161950304
1529,ULH,-0.16653170176945095,59.3421723081756
1530,ULTA,-0.6981627162278242,48.97286419279676
1531,UMBF,-0.6099729616935371,139.34438056486104
1532,UMPQ,-0.2135660251199756,11.341965985041858
1533,UNIT,-0.6247183873345922,87.62044278366368
1534,UPST,-2.242699765752919,20.527929630248167
1535,UPWK,1.343647874869234,10.214215361155485
1536,URBN,0.07981583085701943,140.37061700508949
1537,USAK,1.5008126923256193,4.645800971616131
1538,USAP,-0.22346880659111507,227.56441824027894
1539,USCR,-1.9086317342767347,2.7203299110049817
1540,USLM,-2.803255299901086,18.21590412726085
1541,UTHR,0.62934177130665,48.28106182057262
1542,UTMD,-0.21541005324185036,439.7976820464267
1543,UTSI,-1.408449403588351,39.763837322213966
1544,UVSP,0.43891342799940336,60.34253414294604
1545,UXIN,36.94779408716181,4.420031587279606
1546,VC,0.9643784655757076,44.90339373092923
1547,VCTR,-0.4605883661939033,91.12090936218333
1548,VECO,2.531647199571563,5.015313086192455
1549,VECT,1.6039495883403931,41.86416763254466
1550,VEON,0.5763683216603277,115.14636221492665
1551,VG,-1.1527366433206554,3.270523549366916
1552,VIAC,-3.276355746958601,5.954975183650447
1553,VIACA,-1.9051683329581106,22.112947572731382
1554,VIACP,-0.5337789868637556,115.7005264959622
1555,VIAV,0.0,inf
1556,VICR,1.0353743651102314,62.33224160885877
1557,VINP,-0.8068144755026241,83.26663059647566
1558,VIOT,1.2315318088559468,38.86304476357284
1559,VIR,0.5279231192496827,42.591379443677624
1560,VIRT,-1.5686259354656702,11.860210597490388
1561,VIRX,0.1011656919604051,926.326849773584
1562,VIVO,-1.6718432025526309,3.447345337386455
1563,VLDR,-1.04058008274175,74.47298763196353
1564,VLDRW,-0.24660300567330376,331.20193505816184
1565,VLGEA,-0.7839923117360891,13.532068069138877
1566,VLY,-1.0664811346913932,60.45209102939031
1567,VLYPO,-0.11643969045505087,25.636229495285352
1568,VLYPP,1.5299779832039304,86.7616163690671
1569,VNET,-1.9591570880692193,20.315095431999488
1570,VNOM,2.8665957842336494,1.7256939438239631
1571,VOD,0.47531109124016746,95.44966401201957
1572,VOR,-0.7973636599458828,22.723719517689766
1573,VOXX,-3.5029144998215402,13.30416717828765
1574,VRA,0.17528885215724307,33.01853642860516
1575,VREX,0.8152780061990264,0.122841809268136
1576,VRM,-0.9474697441582705,0.9982499458831893
1577,VRNS,-1.1481937692388053,33.9022901091333
1578,VRNT,-0.061240744969054114,386.56792613532554
1579,VRSK,0.03204484322109353,333.17073920356717
1580,VRSN,-0.8671881188980731,50.07701844598222
1581,VRTS,4.283275671451746,3.738832229213972
1582,VRTX,-0.955690113520256,16.018962005128298
1583,VSAT,3.676396225890826,18.63532806320778
1584,VSEC,-0.9325596810560687,48.74170133869703
1585,VSTA,1.9201574608341765,31.66671795725913
1586,VTRS,1.3462999754412812,69.90019961969995
1587,VTRU,-5.622488298627058,9.968397382668458
1588,VWTR,-1.8018000602490185,3.70686814692455
1589,VYGR,-1.181101198123721,88.6956042665998
1590,VYNE,-0.19174980267033384,306.7723074161237
1591,WABC,0.09440115449208965,241.4838325467391
1592,WAFD,-0.4844076417982018,65.59076080344494
1593,WAFDP,-0.061759872183788665,1486.5868588400208
1594,WASH,-0.678364751383507,40.960647624033214
1595,WB,-1.015031653256841,27.67797236270918
1596,WBA,-0.20969744698176215,116.80873182520705
1597,WDAY,-0.1685006023513764,207.3605858428538
1598,WDC,-2.5865061633296356,14.69867713397321
1599,WDFC,-0.09512703032843138,184.99227088632142
1600,WEN,-0.04489440460133824,798.5340429107081
1601,WERN,0.26899559599558537,33.80705352645447
1602,WETF,1.6504074614677657,6.44163588435887
1603,WEYS,-1.0162640235673854,27.6426622758629
1604,WHF,0.7135946196806827,203.25323014215334
1605,WHFBZ,-0.7357232738079301,163.1048034934498
1606,WIFI,0.07166054415269504,162.18173426355332
1607,WING,5.828170335246714,1.095827171301568
1608,WIRE,1.767092063828023,32.70645665371944
1609,WISH,0.4618917588756372,71.34700946842091
1610,WIX,4.449354905700542,8.162772773474812
1611,WLTW,3.994775179011391,2.4789068883476024
1612,WMG,-2.3748115360818027,42.378522409544836
1613,WNEB,5.471122364532591,3.0641718881786164
1614,WOOF,-1.5672066950427408,50.995748263946716
1615,WPRT,-2.4930724047832316,33.46756093372743
1616,WRLD,0.7604562737642585,2.2478632478632483
1617,WSBC,-2.024018334430404,7.689641567264691
1618,WSBCP,0.6677161385289452,140.95457879178335
1619,WSBF,0.6072820369170413,5.048072785976056
1620,WSFS,-0.31508437425875674,38.58704302653627
1621,WTBA,1.0466998279662085,8.144254862922965
1622,WTFC,-0.716017855963546,25.71381732065041
1623,WTFCM,0.5683831246192501,124.71530712114723
1624,WTFCP,0.49522245271131593,131.3160873271928
1625,WTRE,0.08601800515232974,826.358127909562
1626,WTREP,-0.039471990790521286,1266.7210089643334
1627,WTRH,-0.3898631853773281,90.25348276504064
1628,WW,-0.46320742102368523,54.87291686971314
1629,WWD,0.16911543045130228,48.61764424194392
1630,WYNN,1.9533402300078198,14.901225028317691
1631,XBIT,2.3823033100829014,4.187647722544489
1632,XEL,-0.27180093659127746,8.221593713154602
1633,XERS,4.568535598011274,18.040707845919005
1634,XLNX,-1.576582279938028,12.40419326077881
1635,XM,0.2152856262101148,39.46908225997356
1636,XNET,1.62308658881107,4.527744857436534
1637,XOG,1.2269938650306749,11.98529411764706
1638,XONE,0.6867302585661277,74.35311761746406
1639,XP,3.110137829169017,3.0538496298617943
1640,XPER,0.36512971602487493,3.652606848543832
1641,XRAY,-0.7118534037729709,28.48439285779991
1642,YELL,-1.8815725419479488,26.62832108776842
1643,YMAB,3.5982490106441047,1.2007125273814596
1644,YNDX,2.4622066611795344,17.340752230999485
1645,YORW,-0.04017769684169049,653.6618155616821
1646,YQ,4.261366368756328,2.837451105733536
1647,YY,-1.0805275994712464,4.521212235078883
1648,Z,-2.2702542159996333,16.44341551498642
1649,ZBRA,-1.031701079781511,34.87664736100385
1650,ZEAL,-2.2890279687810713,31.772120620265152
1651,ZEUS,-2.051456525409334,16.7876716315673
1652,ZG,-1.9371847801163018,11.695451168390761
1653,ZI,0.6681345562453388,46.81706320668052
1654,ZION,0.18115665351264162,122.5412449032362
1655,ZIOP,0.0,inf
1656,ZIXI,-0.8900212533566167,4.387471115810647
1657,ZM,-0.673944780600674,63.03751418572233
1658,ZNGA,0.36231848064829464,93.9256294412686
1659,ZS,-0.2606334579107144,178.93247416323769
1660,ZUMZ,-0.4563102059949582,24.731567055515175
1661,ZVO,-0.26631133091759124,297.0905242934628
1662,ZY,6.756896743225142,15.188369617364025
